category,question,answer,source_type,source,disclaimer,last_updated
General,What is ESI?,"ESI is the École nationale Supérieure d’Informatique, a national higher school of computer science in Algiers, Algeria. It trains State Engineers in Informatics.",Official ESI information,ESI official website / ESI Talents,,
General,Where is ESI located?,"ESI is located in Oued Smar, Algiers, Algeria. The official site lists BPM68 16270, Oued Smar, Alger.",Official ESI information,ESI official website / ESI Talents,,
General,What does ESI stand for?,ESI stands for École nationale Supérieure d’Informatique.,Official ESI information,ESI official website / ESI Talents,,
General,When was ESI created?,The school was created in 1969 under the name Centre d’Études et de Recherche en Informatique (CERI). It became a national higher school under the name ESI in 2008.,Official ESI information,ESI official website / ESI Talents,,
General,Is ESI a public school?,Yes. ESI is a national higher school affiliated with Algeria's Ministry of Higher Education and Scientific Research.,Official ESI information,ESI official website / ESI Talents,,
General,What degree does ESI offer?,ESI's graduation program trains students to become State Engineers in Informatics.,Official ESI information,ESI official website / ESI Talents,,
Studies,How long are studies at ESI?,The engineering education at ESI is organized over five years: two years of preparatory classes followed by three years in the second cycle.,Official ESI information,ESI official website / ESI Talents,,
Studies,What are the first two years at ESI?,"The first two years are preparatory classes (Classes Préparatoires, CP), where students acquire fundamental scientific and technical knowledge.",Official ESI information,ESI official website / ESI Talents,,
Studies,What happens after the two preparatory years?,"Students access the second cycle. The first year of the second cycle is a common-core year, followed by two years in a chosen specialization.",Official ESI information,ESI official website / ESI Talents,,
Studies,Is there a competition to access the second cycle?,"Yes. Access to the second cycle is subject to the applicable admission procedure and competition rules. The exact conditions can change each year, so students should check the official ESI announcements.",Official ESI information,ESI official website / ESI Talents,,
Studies,How many years is the second cycle?,The second cycle lasts three years: one common-core year and two years of specialization.,Official ESI information,ESI official website / ESI Talents,,
Studies,What are the current ESI engineering specializations?,"The official ESI education page currently lists four second-cycle specializations: Systèmes Informatiques (SIQ), Systèmes d’Information et Technologies (SIT), Systèmes Informatiques et Logiciels (SIL), and Systèmes Intelligents et Données (SID).",Official ESI information,ESI official website / ESI Talents,,
Studies,What is SIQ at ESI?,"SIQ means Systèmes Informatiques, one of the engineering specializations offered in ESI's second cycle.",Official ESI information,ESI official website / ESI Talents,,
Studies,What is SIT at ESI?,"SIT means Systèmes d’Information et Technologies, one of the engineering specializations offered in ESI's second cycle.",Official ESI information,ESI official website / ESI Talents,,
Studies,What is SIL at ESI?,"SIL means Systèmes Informatiques et Logiciels, one of the engineering specializations offered in ESI's second cycle.",Official ESI information,ESI official website / ESI Talents,,
Studies,What is SID at ESI?,"SID means Systèmes Intelligents et Données, one of the engineering specializations offered in ESI's second cycle.",Official ESI information,ESI official website / ESI Talents,,
Studies,When do students choose their specialization?,"Students choose their specialization after the first year of the second cycle, according to the applicable ranking and the number of places available in each specialization.",Official ESI information,ESI official website / ESI Talents,,
Programs,Where can I find the ESI course catalog?,"The ESI Talents platform provides a catalog of subjects and programs, with filters for level, specialization, field of knowledge, and keywords.",Official ESI information,ESI official website / ESI Talents,,
Programs,Does ESI have a program for first-year preparatory students?,Yes. The ESI Talents platform lists a 1CP program for first-year Classes Préparatoires.,Official ESI information,ESI official website / ESI Talents,,
Programs,Does ESI have a program for second-year preparatory students?,Yes. The ESI Talents platform lists a 2CP program for second-year Classes Préparatoires.,Official ESI information,ESI official website / ESI Talents,,
Programs,Does ESI offer internships?,Yes. The official ESI presentation mentions an industrial internship at the end of the first preparatory year and a mandatory summer company internship of four to six weeks during the first year of the second cycle.,Official ESI information,ESI official website / ESI Talents,,
Admission,How can I be admitted to ESI?,Admission routes and conditions depend on the program and the year. Applicants should consult the official ESI website and the current Ministry of Higher Education rules for the applicable admission conditions.,Official ESI information,ESI official website / ESI Talents,,
Admission,Can students from other universities apply to the ESI second cycle?,"Under the applicable competition rules, the second-cycle entrance competition can be open to students from other higher schools, universities, and university centers in the same field, subject to eligibility conditions.",Official ESI information,ESI official website / ESI Talents,,
Admission,What documents may be required for the 2026 second-cycle entrance competition?,"For the 2026 session, ESI lists a registration form, a copy of the baccalaureate transcript, academic transcripts, a ranking certificate, and a certificate of good conduct. Requirements can change by session.",Official ESI information,ESI official website / ESI Talents,,
Admission,When is the 2026 ESI second-cycle entrance exam?,"The official ESI announcement states that the 2026 second-cycle entrance exam is scheduled for Tuesday, July 7, 2026.",Official ESI information,ESI official website / ESI Talents,,
Research,Does ESI have research laboratories?,Yes. ESI has research organizations including LMCS (Laboratoire de Méthodes de Conception de Systèmes) and LCSI (Laboratoire de la Communication dans les Systèmes Informatiques).,Official ESI information,ESI official website / ESI Talents,,
Research,Where can I find ESI research teams?,The ESI Talents platform has a public section listing research teams and their members.,Official ESI information,ESI official website / ESI Talents,,
Research,What research teams are listed on ESI Talents?,"The ESI Talents page lists teams including BDA (Bases de données avancées), CIW (Collaboration Intelligence Web), DYD (Distribution dynamique de données), IMAPI (IMage Processing and Interpretation), MA (Mathématiques appliquées), PI (Processus Intelligents), SES (Smart Embedded Systems), SOPROS (Smart Optimisation techniques for PROblems Soving), and TELIS (Technology Enhanced Learning).",Official ESI information,ESI official website / ESI Talents,,
Research,What is the BDA research team?,BDA stands for Bases de données avancées. The ESI Talents page lists it under LCSI and identifies Walid Khaled HIDOUCI as its responsible researcher.,Official ESI information,ESI official website / ESI Talents,,
Research,What is the IMAPI research team?,IMAPI stands for IMage Processing and Interpretation. The ESI Talents page lists it under LMCS and identifies Adel KERMI as its responsible researcher.,Official ESI information,ESI official website / ESI Talents,,
Research,What is the PI research team?,PI stands for Processus Intelligents. The ESI Talents page lists it under LCSI and identifies Malik LOUDINI as its responsible researcher.,Official ESI information,ESI official website / ESI Talents,,
Research,What is the SES research team?,SES stands for Smart Embedded Systems. The ESI Talents page lists it under LMCS and identifies Mouloud KOUDIL as its responsible researcher.,Official ESI information,ESI official website / ESI Talents,,
Research,What is the SOPROS research team?,SOPROS stands for Smart Optimisation techniques for PROblems Soving. The ESI Talents page lists it under LMCS and identifies Karima BENATCHBA as its responsible researcher.,Official ESI information,ESI official website / ESI Talents,,
Research,What is the TELIS research team?,TELIS stands for Technology Enhanced Learning. The ESI Talents page lists Nabila BOUSBIA as its responsible researcher and associates the team with LMCS.,Official ESI information,ESI official website / ESI Talents,,
Clubs,Does ESI have student clubs?,"Yes. ESI has multiple student clubs covering technology, programming, artificial intelligence, cybersecurity, entrepreneurship, culture, charity, and environmental activities.",Official ESI information,ESI official website / ESI Talents,,
Clubs,Does ESI have a Google Developer Groups club?,Yes. The official ESI website lists a Google Developer Groups club focused on the development of technological products.,Official ESI information,ESI official website / ESI Talents,,
Clubs,Does ESI have an artificial intelligence club?,"Yes. The official ESI student-club page lists School of AI, whose domain is Artificial Intelligence.",Official ESI information,ESI official website / ESI Talents,,
Clubs,Does ESI have a cybersecurity club?,"Yes. ESI lists SHELLMATES, a student club focused on IT security and cybersecurity-related activities.",Official ESI information,ESI official website / ESI Talents,,
Clubs,Does ESI have a programming club?,"Yes. ESI lists Code and Share, whose domain is programming.",Official ESI information,ESI official website / ESI Talents,,
Clubs,Does ESI have a scientific club?,"Yes. ESI lists the Club Scientifique de l’ESI, focused on scientific and technological activities.",Official ESI information,ESI official website / ESI Talents,,
Clubs,Does ESI have an entrepreneurship club?,"The official student-club page lists Club Etudiants En TIC, whose domain is entrepreneurship.",Official ESI information,ESI official website / ESI Talents,,
Clubs,Does ESI have a cultural or artistic club?,"Yes. ESI lists the Club Artistique et Culturel de l’ESI, whose domain is cultural activities.",Official ESI information,ESI official website / ESI Talents,,
Student Life,How many students are at ESI?,"The official ESI presentation currently lists 1,371 graduation students, along with 86 doctoral students, 123 permanent teachers, and 164 workers.",Official ESI information,ESI official website / ESI Talents,,
Student Life,Does ESI have a library?,Yes. The official ESI website lists a library as part of the school's facilities and organization.,Official ESI information,ESI official website / ESI Talents,,
Student Life,Does ESI provide e-learning resources?,Yes. The ESI website provides an E-learning section among its online resources.,Official ESI information,ESI official website / ESI Talents,,
Talents Platform,What is ESI Talents?,"ESI Talents is an ESI platform that provides public access to information such as programs, skills, student and teacher directories, research projects, and research teams.",Official ESI information,ESI official website / ESI Talents,,
Talents Platform,Can I browse ESI research teams without logging in?,Yes. The ESI Talents research-team page is part of the platform's public space and can be explored freely.,Official ESI information,ESI official website / ESI Talents,,
Contact,How can I contact ESI?,"The official ESI website lists the school's telephone number as 023939132 and its location as Oued Smar, Algiers. For administrative questions, students should also consult the relevant official ESI announcement or service.",Official ESI information,ESI official website / ESI Talents,,
Contact,Where should I check official ESI announcements?,"The official ESI website is the best source for current announcements, admission procedures, competitions, academic information, and other official updates.",Official ESI information,ESI official website / ESI Talents,,
Student Experience,What diploma do students say they receive after graduating from ESI?,"Student comments in an ESI Facebook group mention an Ingénieur d'État and also refer to a Master 2. These are student comments, not an official ESI answer, and the exact diploma structure should be verified from the current official ESI program.",Student experience — not official,ESI ALGER Facebook group screenshot supplied by user,Anecdotal student information; may be incomplete or outdated. Do not treat as an official ESI statement.,
Student Experience,Can a student from another university transfer to the second year at ESI?,"A student discussion in the ESI Facebook group says that transfer/admission may be possible under conditions. One response says the student must be among the top 10 of the cohort in both years, but this is only a student-reported answer and should not be treated as an official admission rule.",Student experience — not official,ESI ALGER Facebook group screenshot supplied by user,Student-reported condition; verify current eligibility and ranking requirements with the official ESI administration.,
Student Experience,"For transfer to ESI, do I need to be among the top 10 students?",A student in the Facebook discussion stated that the applicant should be among the top 10 in both academic years. This is an anecdotal response from a student and not an official ESI admission decision.,Student experience — not official,ESI ALGER Facebook group screenshot supplied by user,Anecdotal; admission conditions can change and must be confirmed officially.,
Student Experience,Where can ESI students find past exams?,"In a Facebook-group discussion, a student suggested the CSE Club platform (tresor.cse.club) for finding past exams. This is a student/community recommendation, not an official ESI resource.",Student experience — not official,ESI ALGER Facebook group screenshot supplied by user; CSE Club,Community recommendation; availability of files and access can change.,
Student Experience,Are courses at ESI mandatory?,One student answered 'Non' when asked whether ESI courses are mandatory. This is only one student's response and should not be interpreted as the official attendance policy of ESI.,Student experience — not official,ESI ALGER Facebook group screenshot supplied by user,"Single student response; attendance requirements may differ by course, activity, or academic year.",
Student Experience,Are ESI courses compulsory to attend?,"A student in the Facebook group said that courses are not compulsory, but this is an individual student experience rather than an official policy.",Student experience — not official,ESI ALGER Facebook group screenshot supplied by user,Anecdotal information; verify the current attendance rules with ESI.,
Student Experience,What is the student opinion about attendance at ESI?,"At least one student in the Facebook group reported that regular courses were not compulsory. Because this is community feedback rather than an official regulation, the chatbot should present it as a student opinion.",Student experience — not official,ESI ALGER Facebook group screenshot supplied by user,Not an official ESI statement.,
Student Resources,Is there a platform where ESI students can find previous exams?,"A Facebook-group reply recommends tresor.cse.club, associated with the CSE Club, as a place to find previous exams.",Student/community resource — not official,ESI ALGER Facebook group screenshot supplied by user,Community-provided resource; not presented as an official ESI platform.,
Clubs,Where can I find ESI's Google Developer Groups club online?,The user-provided Instagram page for GDG Algiers is https://www.instagram.com/gdg_algiers/.,Club social page — user-provided,Instagram: GDG Algiers,Social-media page; club activity and links can change.,
Clubs,Where can I find CSE Club online?,The user-provided Instagram page for CSE Club is https://www.instagram.com/cse.club/.,Club social page — user-provided,Instagram: CSE Club,Social-media page; club activity and links can change.,
Clubs,Where can I find ETIC Club online?,The user-provided Instagram page for ETIC Club is https://www.instagram.com/etic_club/.,Club social page — user-provided,Instagram: ETIC Club,Social-media page; club activity and links can change.,
ESI,Where can I find ESI Algiers on Instagram?,The user-provided Instagram page for ESI Algiers is https://www.instagram.com/esialgiers/.,Official/social page — user-provided,Instagram: ESI Algiers,Social-media page supplied by the user.,
Statistics,How many places were opened for the 2CP concours?,The concours sheet states that 310 places were opened for access to 1CS.,Official ESI administration data (2026),"ESI internal document: Classement_Concours_2025-2026_VP.xlsx (Délibérations 2CP, 23 June 2026)",Figures computed from official 2CP concours/affectation administration sheets for the 2025-2026 cohort. No individual student data is included or should ever be shared by the assistant. These numbers apply only to this specific cohort/year and will change in future years - verify against the current year's official sheet before relying on them for a new admissions cycle.,2026 (2025-2026 academic year cohort)
Statistics,How many candidates were admitted in the 2025–2026 2CP concours?,The final concours sheet contains 297 admitted candidates: 248 admitted on title and 49 admitted through the examination route.,Official ESI administration data (2026),"ESI internal document: Classement_Concours_2025-2026_VP.xlsx (Délibérations 2CP, 23 June 2026)",Figures computed from official 2CP concours/affectation administration sheets for the 2025-2026 cohort. No individual student data is included or should ever be shared by the assistant. These numbers apply only to this specific cohort/year and will change in future years - verify against the current year's official sheet before relying on them for a new admissions cycle.,2026 (2025-2026 academic year cohort)
Statistics,How many candidates were admitted on title in the 2025–2026 2CP concours?,248 candidates were admitted on title.,Official ESI administration data (2026),"ESI internal document: Classement_Concours_2025-2026_VP.xlsx (Délibérations 2CP, 23 June 2026)",Figures computed from official 2CP concours/affectation administration sheets for the 2025-2026 cohort. No individual student data is included or should ever be shared by the assistant. These numbers apply only to this specific cohort/year and will change in future years - verify against the current year's official sheet before relying on them for a new admissions cycle.,2026 (2025-2026 academic year cohort)
Statistics,How many candidates were admitted through the examination route in the 2025–2026 2CP concours?,49 candidates were admitted through the examination route.,Official ESI administration data (2026),"ESI internal document: Classement_Concours_2025-2026_VP.xlsx (Délibérations 2CP, 23 June 2026)",Figures computed from official 2CP concours/affectation administration sheets for the 2025-2026 cohort. No individual student data is included or should ever be shared by the assistant. These numbers apply only to this specific cohort/year and will change in future years - verify against the current year's official sheet before relying on them for a new admissions cycle.,2026 (2025-2026 academic year cohort)
Statistics,How many places remained after the 2025–2026 2CP concours?,"Based on the sheet's 310 available places and 297 admissions, 13 places were not filled by the listed admissions.",Official ESI administration data (2026),"ESI internal document: Classement_Concours_2025-2026_VP.xlsx (Délibérations 2CP, 23 June 2026)",Figures computed from official 2CP concours/affectation administration sheets for the 2025-2026 cohort. No individual student data is included or should ever be shared by the assistant. These numbers apply only to this specific cohort/year and will change in future years - verify against the current year's official sheet before relying on them for a new admissions cycle.,2026 (2025-2026 academic year cohort)
Statistics,What was the average concours score in the 2025–2026 2CP concours?,The arithmetic mean of the listed concours averages was 12.54/20.,Official ESI administration data (2026),"ESI internal document: Classement_Concours_2025-2026_VP.xlsx (Délibérations 2CP, 23 June 2026)",Figures computed from official 2CP concours/affectation administration sheets for the 2025-2026 cohort. No individual student data is included or should ever be shared by the assistant. These numbers apply only to this specific cohort/year and will change in future years - verify against the current year's official sheet before relying on them for a new admissions cycle.,2026 (2025-2026 academic year cohort)
Statistics,What was the median concours score in the 2025–2026 2CP concours?,The median of the listed concours averages was 12.36/20.,Official ESI administration data (2026),"ESI internal document: Classement_Concours_2025-2026_VP.xlsx (Délibérations 2CP, 23 June 2026)",Figures computed from official 2CP concours/affectation administration sheets for the 2025-2026 cohort. No individual student data is included or should ever be shared by the assistant. These numbers apply only to this specific cohort/year and will change in future years - verify against the current year's official sheet before relying on them for a new admissions cycle.,2026 (2025-2026 academic year cohort)
Statistics,What was the highest concours score in the 2025–2026 2CP concours?,The highest listed concours average was 17.51/20.,Official ESI administration data (2026),"ESI internal document: Classement_Concours_2025-2026_VP.xlsx (Délibérations 2CP, 23 June 2026)",Figures computed from official 2CP concours/affectation administration sheets for the 2025-2026 cohort. No individual student data is included or should ever be shared by the assistant. These numbers apply only to this specific cohort/year and will change in future years - verify against the current year's official sheet before relying on them for a new admissions cycle.,2026 (2025-2026 academic year cohort)
Statistics,What was the lowest concours score among the 2025–2026 admitted candidates?,The lowest listed concours average among the admitted candidates was 9.80/20.,Official ESI administration data (2026),"ESI internal document: Classement_Concours_2025-2026_VP.xlsx (Délibérations 2CP, 23 June 2026)",Figures computed from official 2CP concours/affectation administration sheets for the 2025-2026 cohort. No individual student data is included or should ever be shared by the assistant. These numbers apply only to this specific cohort/year and will change in future years - verify against the current year's official sheet before relying on them for a new admissions cycle.,2026 (2025-2026 academic year cohort)
Statistics,What was the average score of candidates admitted on title?,The arithmetic mean for candidates marked 'Admis sur Titre' was 12.94/20.,Official ESI administration data (2026),ESI internal document: Affectation_Spécialité_2026_Final.xlsx,Figures computed from official 2CP concours/affectation administration sheets for the 2025-2026 cohort. No individual student data is included or should ever be shared by the assistant. These numbers apply only to this specific cohort/year and will change in future years - verify against the current year's official sheet before relying on them for a new admissions cycle.,2026 (2025-2026 academic year cohort)
Statistics,What was the average score of candidates admitted through the examination route?,The arithmetic mean for candidates marked 'Admis sur epreuve' was 10.50/20.,Official ESI administration data (2026),ESI internal document: Affectation_Spécialité_2026_Final.xlsx,Figures computed from official 2CP concours/affectation administration sheets for the 2025-2026 cohort. No individual student data is included or should ever be shared by the assistant. These numbers apply only to this specific cohort/year and will change in future years - verify against the current year's official sheet before relying on them for a new admissions cycle.,2026 (2025-2026 academic year cohort)
Statistics,How many students were affected to each ESI specialization group in 2026?,"The affectation sheet lists: SID1 = 26, SID2 = 26, SIQ1 = 26, SIQ2 = 26, SIT1 = 31, SIT2 = 28, SIT3 = 32, SIL1 = 32, and SIL2 = 31, for a total of 258 affectations.",Official ESI administration data (2026),ESI internal document: Affectation_Spécialité_2026_Final.xlsx,Figures computed from official 2CP concours/affectation administration sheets for the 2025-2026 cohort. No individual student data is included or should ever be shared by the assistant. These numbers apply only to this specific cohort/year and will change in future years - verify against the current year's official sheet before relying on them for a new admissions cycle.,2026 (2025-2026 academic year cohort)
Statistics,What was the average annual ranking of the students included in the 2026 specialization affectation sheet?,"The average ranking was 129.24, with a median ranking of 129.5, across 258 listed affectations.",Official ESI administration data (2026),ESI internal document: Affectation_Spécialité_2026_Final.xlsx,Figures computed from official 2CP concours/affectation administration sheets for the 2025-2026 cohort. No individual student data is included or should ever be shared by the assistant. These numbers apply only to this specific cohort/year and will change in future years - verify against the current year's official sheet before relying on them for a new admissions cycle.,2026 (2025-2026 academic year cohort)
Statistics,How many students received their first-choice specialization in the 2026 affectation?,"113 of 258 listed affectations matched the first choice, which is 43.8% of the affectations.",Official ESI administration data (2026),ESI internal document: Affectation_Spécialité_2026_Final.xlsx,Figures computed from official 2CP concours/affectation administration sheets for the 2025-2026 cohort. No individual student data is included or should ever be shared by the assistant. These numbers apply only to this specific cohort/year and will change in future years - verify against the current year's official sheet before relying on them for a new admissions cycle.,2026 (2025-2026 academic year cohort)
Statistics,Which specialization groups had the largest number of affectations in 2026?,"SIT3 and SIL1 had the largest listed group sizes, with 32 affectations each.",Official ESI administration data (2026),ESI internal document: Affectation_Spécialité_2026_Final.xlsx,Figures computed from official 2CP concours/affectation administration sheets for the 2025-2026 cohort. No individual student data is included or should ever be shared by the assistant. These numbers apply only to this specific cohort/year and will change in future years - verify against the current year's official sheet before relying on them for a new admissions cycle.,2026 (2025-2026 academic year cohort)
Statistics,Which specialization groups had the smallest number of affectations in 2026?,"SID1, SID2, SIQ1, and SIQ2 each had 26 listed affectations.",Official ESI administration data (2026),ESI internal document: Affectation_Spécialité_2026_Final.xlsx,Figures computed from official 2CP concours/affectation administration sheets for the 2025-2026 cohort. No individual student data is included or should ever be shared by the assistant. These numbers apply only to this specific cohort/year and will change in future years - verify against the current year's official sheet before relying on them for a new admissions cycle.,2026 (2025-2026 academic year cohort)
Statistics,What was the observed ranking range for SID1 in the 2026 specialization affectation?,The listed annual rankings for SID1 ranged from 1 to 67; the average ranking was 39.12.,Official ESI administration data (2026),ESI internal document: Affectation_Spécialité_2026_Final.xlsx,Figures computed from official 2CP concours/affectation administration sheets for the 2025-2026 cohort. No individual student data is included or should ever be shared by the assistant. These numbers apply only to this specific cohort/year and will change in future years - verify against the current year's official sheet before relying on them for a new admissions cycle.,2026 (2025-2026 academic year cohort)
Statistics,How many students got their first choice in SID1 in the 2026 affectation?,25 of 26 affectations in SID1 matched the first choice (96.2%).,Official ESI administration data (2026),ESI internal document: Affectation_Spécialité_2026_Final.xlsx,Figures computed from official 2CP concours/affectation administration sheets for the 2025-2026 cohort. No individual student data is included or should ever be shared by the assistant. These numbers apply only to this specific cohort/year and will change in future years - verify against the current year's official sheet before relying on them for a new admissions cycle.,2026 (2025-2026 academic year cohort)
Statistics,What was the observed ranking range for SID2 in the 2026 specialization affectation?,The listed annual rankings for SID2 ranged from 15 to 113; the average ranking was 89.23.,Official ESI administration data (2026),ESI internal document: Affectation_Spécialité_2026_Final.xlsx,Figures computed from official 2CP concours/affectation administration sheets for the 2025-2026 cohort. No individual student data is included or should ever be shared by the assistant. These numbers apply only to this specific cohort/year and will change in future years - verify against the current year's official sheet before relying on them for a new admissions cycle.,2026 (2025-2026 academic year cohort)
Statistics,How many students got their first choice in SID2 in the 2026 affectation?,5 of 26 affectations in SID2 matched the first choice (19.2%).,Official ESI administration data (2026),ESI internal document: Affectation_Spécialité_2026_Final.xlsx,Figures computed from official 2CP concours/affectation administration sheets for the 2025-2026 cohort. No individual student data is included or should ever be shared by the assistant. These numbers apply only to this specific cohort/year and will change in future years - verify against the current year's official sheet before relying on them for a new admissions cycle.,2026 (2025-2026 academic year cohort)
Statistics,What was the observed ranking range for SIL1 in the 2026 specialization affectation?,The listed annual rankings for SIL1 ranged from 67 to 186; the average ranking was 145.75.,Official ESI administration data (2026),ESI internal document: Affectation_Spécialité_2026_Final.xlsx,Figures computed from official 2CP concours/affectation administration sheets for the 2025-2026 cohort. No individual student data is included or should ever be shared by the assistant. These numbers apply only to this specific cohort/year and will change in future years - verify against the current year's official sheet before relying on them for a new admissions cycle.,2026 (2025-2026 academic year cohort)
Statistics,How many students got their first choice in SIL1 in the 2026 affectation?,7 of 32 affectations in SIL1 matched the first choice (21.9%).,Official ESI administration data (2026),ESI internal document: Affectation_Spécialité_2026_Final.xlsx,Figures computed from official 2CP concours/affectation administration sheets for the 2025-2026 cohort. No individual student data is included or should ever be shared by the assistant. These numbers apply only to this specific cohort/year and will change in future years - verify against the current year's official sheet before relying on them for a new admissions cycle.,2026 (2025-2026 academic year cohort)
Statistics,What was the observed ranking range for SIL2 in the 2026 specialization affectation?,The listed annual rankings for SIL2 ranged from 154 to 246; the average ranking was 212.42.,Official ESI administration data (2026),ESI internal document: Affectation_Spécialité_2026_Final.xlsx,Figures computed from official 2CP concours/affectation administration sheets for the 2025-2026 cohort. No individual student data is included or should ever be shared by the assistant. These numbers apply only to this specific cohort/year and will change in future years - verify against the current year's official sheet before relying on them for a new admissions cycle.,2026 (2025-2026 academic year cohort)
Statistics,How many students got their first choice in SIL2 in the 2026 affectation?,4 of 31 affectations in SIL2 matched the first choice (12.9%).,Official ESI administration data (2026),ESI internal document: Affectation_Spécialité_2026_Final.xlsx,Figures computed from official 2CP concours/affectation administration sheets for the 2025-2026 cohort. No individual student data is included or should ever be shared by the assistant. These numbers apply only to this specific cohort/year and will change in future years - verify against the current year's official sheet before relying on them for a new admissions cycle.,2026 (2025-2026 academic year cohort)
Statistics,What was the observed ranking range for SIQ1 in the 2026 specialization affectation?,The listed annual rankings for SIQ1 ranged from 2 to 47; the average ranking was 20.08.,Official ESI administration data (2026),ESI internal document: Affectation_Spécialité_2026_Final.xlsx,Figures computed from official 2CP concours/affectation administration sheets for the 2025-2026 cohort. No individual student data is included or should ever be shared by the assistant. These numbers apply only to this specific cohort/year and will change in future years - verify against the current year's official sheet before relying on them for a new admissions cycle.,2026 (2025-2026 academic year cohort)
Statistics,How many students got their first choice in SIQ1 in the 2026 affectation?,26 of 26 affectations in SIQ1 matched the first choice (100.0%).,Official ESI administration data (2026),ESI internal document: Affectation_Spécialité_2026_Final.xlsx,Figures computed from official 2CP concours/affectation administration sheets for the 2025-2026 cohort. No individual student data is included or should ever be shared by the assistant. These numbers apply only to this specific cohort/year and will change in future years - verify against the current year's official sheet before relying on them for a new admissions cycle.,2026 (2025-2026 academic year cohort)
Statistics,What was the observed ranking range for SIQ2 in the 2026 specialization affectation?,The listed annual rankings for SIQ2 ranged from 21 to 118; the average ranking was 78.46.,Official ESI administration data (2026),ESI internal document: Affectation_Spécialité_2026_Final.xlsx,Figures computed from official 2CP concours/affectation administration sheets for the 2025-2026 cohort. No individual student data is included or should ever be shared by the assistant. These numbers apply only to this specific cohort/year and will change in future years - verify against the current year's official sheet before relying on them for a new admissions cycle.,2026 (2025-2026 academic year cohort)
Statistics,How many students got their first choice in SIQ2 in the 2026 affectation?,4 of 26 affectations in SIQ2 matched the first choice (15.4%).,Official ESI administration data (2026),ESI internal document: Affectation_Spécialité_2026_Final.xlsx,Figures computed from official 2CP concours/affectation administration sheets for the 2025-2026 cohort. No individual student data is included or should ever be shared by the assistant. These numbers apply only to this specific cohort/year and will change in future years - verify against the current year's official sheet before relying on them for a new admissions cycle.,2026 (2025-2026 academic year cohort)
Statistics,What was the observed ranking range for SIT1 in the 2026 specialization affectation?,The listed annual rankings for SIT1 ranged from 34 to 250; the average ranking was 170.77.,Official ESI administration data (2026),ESI internal document: Affectation_Spécialité_2026_Final.xlsx,Figures computed from official 2CP concours/affectation administration sheets for the 2025-2026 cohort. No individual student data is included or should ever be shared by the assistant. These numbers apply only to this specific cohort/year and will change in future years - verify against the current year's official sheet before relying on them for a new admissions cycle.,2026 (2025-2026 academic year cohort)
Statistics,How many students got their first choice in SIT1 in the 2026 affectation?,10 of 31 affectations in SIT1 matched the first choice (32.3%).,Official ESI administration data (2026),ESI internal document: Affectation_Spécialité_2026_Final.xlsx,Figures computed from official 2CP concours/affectation administration sheets for the 2025-2026 cohort. No individual student data is included or should ever be shared by the assistant. These numbers apply only to this specific cohort/year and will change in future years - verify against the current year's official sheet before relying on them for a new admissions cycle.,2026 (2025-2026 academic year cohort)
Statistics,What was the observed ranking range for SIT2 in the 2026 specialization affectation?,The listed annual rankings for SIT2 ranged from 137 to 258; the average ranking was 223.57.,Official ESI administration data (2026),ESI internal document: Affectation_Spécialité_2026_Final.xlsx,Figures computed from official 2CP concours/affectation administration sheets for the 2025-2026 cohort. No individual student data is included or should ever be shared by the assistant. These numbers apply only to this specific cohort/year and will change in future years - verify against the current year's official sheet before relying on them for a new admissions cycle.,2026 (2025-2026 academic year cohort)
Statistics,How many students got their first choice in SIT2 in the 2026 affectation?,8 of 28 affectations in SIT2 matched the first choice (28.6%).,Official ESI administration data (2026),ESI internal document: Affectation_Spécialité_2026_Final.xlsx,Figures computed from official 2CP concours/affectation administration sheets for the 2025-2026 cohort. No individual student data is included or should ever be shared by the assistant. These numbers apply only to this specific cohort/year and will change in future years - verify against the current year's official sheet before relying on them for a new admissions cycle.,2026 (2025-2026 academic year cohort)
Statistics,What was the observed ranking range for SIT3 in the 2026 specialization affectation?,The listed annual rankings for SIT3 ranged from 51 to 195; the average ranking was 145.09.,Official ESI administration data (2026),ESI internal document: Affectation_Spécialité_2026_Final.xlsx,Figures computed from official 2CP concours/affectation administration sheets for the 2025-2026 cohort. No individual student data is included or should ever be shared by the assistant. These numbers apply only to this specific cohort/year and will change in future years - verify against the current year's official sheet before relying on them for a new admissions cycle.,2026 (2025-2026 academic year cohort)
Statistics,How many students got their first choice in SIT3 in the 2026 affectation?,24 of 32 affectations in SIT3 matched the first choice (75.0%).,Official ESI administration data (2026),ESI internal document: Affectation_Spécialité_2026_Final.xlsx,Figures computed from official 2CP concours/affectation administration sheets for the 2025-2026 cohort. No individual student data is included or should ever be shared by the assistant. These numbers apply only to this specific cohort/year and will change in future years - verify against the current year's official sheet before relying on them for a new admissions cycle.,2026 (2025-2026 academic year cohort)
ESI Community,Where can I find Sarah Laslouni's Instagram account?,Sarah Laslouni's Instagram account is https://www.instagram.com/sarah_laslouni/.,ESI content creator — not official,Instagram account supplied by user,Community/content-creator account; not an official ESI source.,
ESI Community,Where can I find Boukeha Mohamed Akram's Instagram account?,Boukeha Mohamed Akram's Instagram account is https://www.instagram.com/boukeha_mohamed_akram/.,ESI content creator — not official,Instagram account supplied by user,Community/content-creator account; not an official ESI source.,
ESI Community,Where can I find Fares Mezenner's Instagram account?,Fares Mezenner's Instagram account is https://www.instagram.com/fares_mezenner/.,ESI content creator — not official,Instagram account supplied by user,Community/content-creator account; not an official ESI source.,
ESI Alumni,Where can I find Dr. Baghdadi Riyadh's Instagram account?,Dr. Baghdadi Riyadh's Instagram account is https://www.instagram.com/dr.baghdadi.riyadh/.,ESI alumni — user-provided,Instagram account supplied by user,Profile supplied by the user; this entry does not independently verify alumni status.,
ESI Alumni,Where can I find Meziane Dahou's Instagram account?,Meziane Dahou's Instagram account is https://www.instagram.com/mezianedahou/.,ESI alumni — user-provided,Instagram account supplied by user,Profile supplied by the user; this entry does not independently verify alumni status.,
ESI Clubs & Communities,Where can I find AstroTech ESI on Instagram?,AstroTech ESI's Instagram account is https://www.instagram.com/astrotech_esi/.,ESI club/community account — user-provided,Instagram account supplied by user,Social-media account; not an official institutional source.,
ESI Clubs & Communities,Where can I find School of AI Algiers on Instagram?,School of AI Algiers's Instagram account is https://www.instagram.com/soai_algiers/.,ESI club/community account — user-provided,Instagram account supplied by user,Social-media account; not an official institutional source.,
ESI Clubs & Communities,Where can I find CACE Club on Instagram?,CACE Club's Instagram account is https://www.instagram.com/cace.club/.,ESI club/community account — user-provided,Instagram account supplied by user,Social-media account; not an official institutional source.,
ESI Clubs & Communities,Where can I find SEC ESI on Instagram?,SEC ESI's Instagram account is https://www.instagram.com/sec.esi/.,ESI club/community account — user-provided,Instagram account supplied by user,Social-media account; not an official institutional source.,
ESI,Where can I find ESI Algiers on Facebook?,The ESI Algiers Facebook page is https://www.facebook.com/ESI.Page/.,Official ESI social page,ESI Facebook page,Official ESI social-media page.,
Student Life,Where can I find the official Facebook page of Cité El Alia?,The official Facebook page provided for Cité El Alia (girls' residence) is https://www.facebook.com/cite.el.alia/.,Official residence social page — user-provided,Facebook page supplied by user,Page identification is based on the user's supplied link.,
Academic Rules,What is a 'note éliminatoire' and what is 'rachat' at ESI?,"A 'note éliminatoire' is a grade in a module considered too low to pass, which normally forces a student to repeat the year unless compensated. 'Rachat' refers to a compensation mechanism that can allow a student with one eliminatory grade to still validate their year instead of repeating it, under specific conditions set by ESI's academic regulations. The formula is now confirmed: for each module, the eliminatory threshold ('Moyenne NE') is approximately 60% (0.6x) of that module's class average ('Moyenne') for the given period. This was verified by cross-checking all module figures across three official Procès-Verbaux de Délibération (1CP S1 2023/2024, 1CP S2 2023/2024, and 2CP S1 2025/2026) — the ratio holds consistently for every module in all three documents.","Official ESI administration data — formula confirmed","ESI internal documents: PV_NOTES_ELIMINATOIRES_1CP_2023_S1, PV_NOTES_ELIMINATOIRES_1CP_2023_S2, PV_NOTES_ELIMINATOIRES_2CP_2025_S1 (Procès-Verbaux de Délibération)","The ~60% ratio is derived empirically from official PV figures and held for all 24 module entries checked (small rounding differences of a few hundredths were observed, likely due to rounding of the published class average). This describes how the threshold for a given module/period is computed, not a universal minimum passing grade. Still verify current-year specifics with ESI's scolarité/règlement pédagogique.",2026
Grades - Notes Eliminatoires,"What is the eliminatory note (Moyenne NE) for Introduction au Système d'exploitation 1 (SYST1) in 1CP S1 2023/2024?","For SYST1 (Introduction au Système d'exploitation 1) in 1CP, period S1, academic year 2023/2024: class average (Moyenne) = 14.37, eliminatory threshold (Moyenne NE) = 8.58, coefficient = 3.00, credits = 3.",Official ESI administration data,ESI internal document: PV_NOTES_ELIMINATOIRES_1CP_2023_S1,Figures apply only to the 2023/2024 S1 cohort of 1CP and will differ in other years; verify against the current year's official PV.,01/07/2024
Grades - Notes Eliminatoires,"What is the eliminatory note (Moyenne NE) for Algorithmique et Structures de Données Statiques (ALSDS) in 1CP S1 2023/2024?","For ALSDS (Algorithmique et Structures de Données Statiques) in 1CP, period S1, academic year 2023/2024: class average (Moyenne) = 12.36, eliminatory threshold (Moyenne NE) = 7.38, coefficient = 5.00, credits = 6.",Official ESI administration data,ESI internal document: PV_NOTES_ELIMINATOIRES_1CP_2023_S1,Figures apply only to the 2023/2024 S1 cohort of 1CP and will differ in other years; verify against the current year's official PV.,01/07/2024
Grades - Notes Eliminatoires,"What is the eliminatory note (Moyenne NE) for Architectures des ordinateurs 1 (ARCH1) in 1CP S1 2023/2024?","For ARCH1 (Architectures des ordinateurs 1) in 1CP, period S1, academic year 2023/2024: class average (Moyenne) = 9.76, eliminatory threshold (Moyenne NE) = 5.82, coefficient = 4.00, credits = 5.",Official ESI administration data,ESI internal document: PV_NOTES_ELIMINATOIRES_1CP_2023_S1,Figures apply only to the 2023/2024 S1 cohort of 1CP and will differ in other years; verify against the current year's official PV.,01/07/2024
Grades - Notes Eliminatoires,"What is the eliminatory note (Moyenne NE) for Analyse mathématique 1 (ANAL1) in 1CP S1 2023/2024?","For ANAL1 (Analyse mathématique 1) in 1CP, period S1, academic year 2023/2024: class average (Moyenne) = 12.21, eliminatory threshold (Moyenne NE) = 7.30, coefficient = 5.00, credits = 6.",Official ESI administration data,ESI internal document: PV_NOTES_ELIMINATOIRES_1CP_2023_S1,Figures apply only to the 2023/2024 S1 cohort of 1CP and will differ in other years; verify against the current year's official PV.,01/07/2024
Grades - Notes Eliminatoires,"What is the eliminatory note (Moyenne NE) for Algèbre 1 (ALG1) in 1CP S1 2023/2024?","For ALG1 (Algèbre 1) in 1CP, period S1, academic year 2023/2024: class average (Moyenne) = 13.07, eliminatory threshold (Moyenne NE) = 7.80, coefficient = 3.00, credits = 3.",Official ESI administration data,ESI internal document: PV_NOTES_ELIMINATOIRES_1CP_2023_S1,Figures apply only to the 2023/2024 S1 cohort of 1CP and will differ in other years; verify against the current year's official PV.,01/07/2024
Grades - Notes Eliminatoires,"What is the eliminatory note (Moyenne NE) for Eléctricité (ELECT) in 1CP S1 2023/2024?","For ELECT (Eléctricité) in 1CP, period S1, academic year 2023/2024: class average (Moyenne) = 11.35, eliminatory threshold (Moyenne NE) = 6.76, coefficient = 3.00, credits = 4.",Official ESI administration data,ESI internal document: PV_NOTES_ELIMINATOIRES_1CP_2023_S1,Figures apply only to the 2023/2024 S1 cohort of 1CP and will differ in other years; verify against the current year's official PV.,01/07/2024
Grades - Notes Eliminatoires,"What is the eliminatory note (Moyenne NE) for Technique d'expression écrite (TEE) in 1CP S1 2023/2024?","For TEE (Technique d'expression écrite) in 1CP, period S1, academic year 2023/2024: class average (Moyenne) = 13.71, eliminatory threshold (Moyenne NE) = 8.19, coefficient = 2.00, credits = 2.",Official ESI administration data,ESI internal document: PV_NOTES_ELIMINATOIRES_1CP_2023_S1,Figures apply only to the 2023/2024 S1 cohort of 1CP and will differ in other years; verify against the current year's official PV.,01/07/2024
Grades - Notes Eliminatoires,"What is the eliminatory note (Moyenne NE) for Bureautique et Web (BW) in 1CP S1 2023/2024?","For BW (Bureautique et Web) in 1CP, period S1, academic year 2023/2024: class average (Moyenne) = 14.58, eliminatory threshold (Moyenne NE) = 8.75, coefficient = 1.00, credits = 1.",Official ESI administration data,ESI internal document: PV_NOTES_ELIMINATOIRES_1CP_2023_S1,Figures apply only to the 2023/2024 S1 cohort of 1CP and will differ in other years; verify against the current year's official PV.,01/07/2024
Grades - Notes Eliminatoires,"What is the eliminatory note (Moyenne NE) for Analyse 2 (ANAL2) in 1CP S2 2023/2024?","For ANAL2 (Analyse 2) in 1CP, period S2, academic year 2023/2024: class average (Moyenne) = 10.95, eliminatory threshold (Moyenne NE) = 6.57, coefficient = 5.00, credits = 6.",Official ESI administration data,ESI internal document: PV_NOTES_ELIMINATOIRES_1CP_2023_S2,Figures apply only to the 2023/2024 S2 cohort of 1CP and will differ in other years; verify against the current year's official PV.,01/07/2024
Grades - Notes Eliminatoires,"What is the eliminatory note (Moyenne NE) for Algèbre 2 (ALG2) in 1CP S2 2023/2024?","For ALG2 (Algèbre 2) in 1CP, period S2, academic year 2023/2024: class average (Moyenne) = 10.39, eliminatory threshold (Moyenne NE) = 6.23, coefficient = 3.00, credits = 4.",Official ESI administration data,ESI internal document: PV_NOTES_ELIMINATOIRES_1CP_2023_S2,Figures apply only to the 2023/2024 S2 cohort of 1CP and will differ in other years; verify against the current year's official PV.,01/07/2024
Grades - Notes Eliminatoires,"What is the eliminatory note (Moyenne NE) for Techniques d'expression orale (TEO) in 1CP S2 2023/2024?","For TEO (Techniques d'expression orale) in 1CP, period S2, academic year 2023/2024: class average (Moyenne) = 14.29, eliminatory threshold (Moyenne NE) = 8.58, coefficient = 2.00, credits = 2.",Official ESI administration data,ESI internal document: PV_NOTES_ELIMINATOIRES_1CP_2023_S2,Figures apply only to the 2023/2024 S2 cohort of 1CP and will differ in other years; verify against the current year's official PV.,01/07/2024
Grades - Notes Eliminatoires,"What is the eliminatory note (Moyenne NE) for Anglais 1 (ANG1) in 1CP S2 2023/2024?","For ANG1 (Anglais 1) in 1CP, period S2, academic year 2023/2024: class average (Moyenne) = 13.64, eliminatory threshold (Moyenne NE) = 8.19, coefficient = 2.00, credits = 2.",Official ESI administration data,ESI internal document: PV_NOTES_ELIMINATOIRES_1CP_2023_S2,Figures apply only to the 2023/2024 S2 cohort of 1CP and will differ in other years; verify against the current year's official PV.,01/07/2024
Grades - Notes Eliminatoires,"What is the eliminatory note (Moyenne NE) for Mécanique du point (MECA) in 1CP S2 2023/2024?","For MECA (Mécanique du point) in 1CP, period S2, academic year 2023/2024: class average (Moyenne) = 10.31, eliminatory threshold (Moyenne NE) = 6.19, coefficient = 3.00, credits = 3.",Official ESI administration data,ESI internal document: PV_NOTES_ELIMINATOIRES_1CP_2023_S2,Figures apply only to the 2023/2024 S2 cohort of 1CP and will differ in other years; verify against the current year's official PV.,01/07/2024
Grades - Notes Eliminatoires,"What is the eliminatory note (Moyenne NE) for Electronique fondamentale 1 (ELEF1) in 1CP S2 2023/2024?","For ELEF1 (Electronique fondamentale 1) in 1CP, period S2, academic year 2023/2024: class average (Moyenne) = 13.75, eliminatory threshold (Moyenne NE) = 8.25, coefficient = 4.00, credits = 4.",Official ESI administration data,ESI internal document: PV_NOTES_ELIMINATOIRES_1CP_2023_S2,Figures apply only to the 2023/2024 S2 cohort of 1CP and will differ in other years; verify against the current year's official PV.,01/07/2024
Grades - Notes Eliminatoires,"What is the eliminatory note (Moyenne NE) for Algorithmique et Structure de données dynamique (ALSDD) in 1CP S2 2023/2024?","For ALSDD (Algorithmique et Structure de données dynamique) in 1CP, period S2, academic year 2023/2024: class average (Moyenne) = 9.15, eliminatory threshold (Moyenne NE) = 5.49, coefficient = 5.00, credits = 6.",Official ESI administration data,ESI internal document: PV_NOTES_ELIMINATOIRES_1CP_2023_S2,Figures apply only to the 2023/2024 S2 cohort of 1CP and will differ in other years; verify against the current year's official PV.,01/07/2024
Grades - Notes Eliminatoires,"What is the eliminatory note (Moyenne NE) for Introduction aux systèmes d'exploitation 2 (SYST2) in 1CP S2 2023/2024?","For SYST2 (Introduction aux systèmes d'exploitation 2) in 1CP, period S2, academic year 2023/2024: class average (Moyenne) = 10.77, eliminatory threshold (Moyenne NE) = 6.46, coefficient = 3.00, credits = 3.",Official ESI administration data,ESI internal document: PV_NOTES_ELIMINATOIRES_1CP_2023_S2,Figures apply only to the 2023/2024 S2 cohort of 1CP and will differ in other years; verify against the current year's official PV.,01/07/2024
Grades - Notes Eliminatoires,"What is the eliminatory note (Moyenne NE) for Electronique fondamentale 2 (ELEF2) in 2CP S1 2025/2026?","For ELEF2 (Electronique fondamentale 2) in 2CP, period S1, academic year 2025/2026: class average (Moyenne) = 15.48, eliminatory threshold (Moyenne NE) = 9.29, coefficient = 4.00, credits = 4.",Official ESI administration data,ESI internal document: PV_NOTES_ELIMINATOIRES_2CP_2025_S1,Figures apply only to the 2025/2026 S1 cohort of 2CP and will differ in other years; verify against the current year's official PV.,07/03/2026
Grades - Notes Eliminatoires,"What is the eliminatory note (Moyenne NE) for Structure Fichiers et Structures de Données (SFSD) in 2CP S1 2025/2026?","For SFSD (Structure Fichiers et Structures de Données) in 2CP, period S1, academic year 2025/2026: class average (Moyenne) = 9.93, eliminatory threshold (Moyenne NE) = 5.96, coefficient = 4.00, credits = 4.",Official ESI administration data,ESI internal document: PV_NOTES_ELIMINATOIRES_2CP_2025_S1,Figures apply only to the 2025/2026 S1 cohort of 2CP and will differ in other years; verify against the current year's official PV.,07/03/2026
Grades - Notes Eliminatoires,"What is the eliminatory note (Moyenne NE) for Architecture des ordinateurs 2 (ARCH2) in 2CP S1 2025/2026?","For ARCH2 (Architecture des ordinateurs 2) in 2CP, period S1, academic year 2025/2026: class average (Moyenne) = 12.81, eliminatory threshold (Moyenne NE) = 7.69, coefficient = 4.00, credits = 4.",Official ESI administration data,ESI internal document: PV_NOTES_ELIMINATOIRES_2CP_2025_S1,Figures apply only to the 2025/2026 S1 cohort of 2CP and will differ in other years; verify against the current year's official PV.,07/03/2026
Grades - Notes Eliminatoires,"What is the eliminatory note (Moyenne NE) for Analyse 3 (ANAL3) in 2CP S1 2025/2026?","For ANAL3 (Analyse 3) in 2CP, period S1, academic year 2025/2026: class average (Moyenne) = 12.35, eliminatory threshold (Moyenne NE) = 7.41, coefficient = 5.00, credits = 6.",Official ESI administration data,ESI internal document: PV_NOTES_ELIMINATOIRES_2CP_2025_S1,Figures apply only to the 2025/2026 S1 cohort of 2CP and will differ in other years; verify against the current year's official PV.,07/03/2026
Grades - Notes Eliminatoires,"What is the eliminatory note (Moyenne NE) for Algèbre 3 (ALG3) in 2CP S1 2025/2026?","For ALG3 (Algèbre 3) in 2CP, period S1, academic year 2025/2026: class average (Moyenne) = 12.80, eliminatory threshold (Moyenne NE) = 7.68, coefficient = 3.00, credits = 3.",Official ESI administration data,ESI internal document: PV_NOTES_ELIMINATOIRES_2CP_2025_S1,Figures apply only to the 2025/2026 S1 cohort of 2CP and will differ in other years; verify against the current year's official PV.,07/03/2026
Grades - Notes Eliminatoires,"What is the eliminatory note (Moyenne NE) for Probabilités et statistiques (PRST1) in 2CP S1 2025/2026?","For PRST1 (Probabilités et statistiques) in 2CP, period S1, academic year 2025/2026: class average (Moyenne) = 11.82, eliminatory threshold (Moyenne NE) = 7.09, coefficient = 4.00, credits = 4.",Official ESI administration data,ESI internal document: PV_NOTES_ELIMINATOIRES_2CP_2025_S1,Figures apply only to the 2025/2026 S1 cohort of 2CP and will differ in other years; verify against the current year's official PV.,07/03/2026
Grades - Notes Eliminatoires,"What is the eliminatory note (Moyenne NE) for Anglais 2 (ANG2) in 2CP S1 2025/2026?","For ANG2 (Anglais 2) in 2CP, period S1, academic year 2025/2026: class average (Moyenne) = 13.81, eliminatory threshold (Moyenne NE) = 8.29, coefficient = 2.00, credits = 2.",Official ESI administration data,ESI internal document: PV_NOTES_ELIMINATOIRES_2CP_2025_S1,Figures apply only to the 2025/2026 S1 cohort of 2CP and will differ in other years; verify against the current year's official PV.,07/03/2026
Grades - Notes Eliminatoires,"What is the eliminatory note (Moyenne NE) for Economie (ECON) in 2CP S1 2025/2026?","For ECON (Economie) in 2CP, period S1, academic year 2025/2026: class average (Moyenne) = 11.16, eliminatory threshold (Moyenne NE) = 6.70, coefficient = 2.00, credits = 3.",Official ESI administration data,ESI internal document: PV_NOTES_ELIMINATOIRES_2CP_2025_S1,Figures apply only to the 2025/2026 S1 cohort of 2CP and will differ in other years; verify against the current year's official PV.,07/03/2026
Contact,Are there community Facebook groups where ESI students discuss orientation and questions?,"Yes. 'ESI | Orientation: informations et conseils' is a student community group where ESI students discuss orientation, courses, and general questions. There is also a group for ENSI Sidi Bel Abbès students.",Community resource (not official),https://facebook.com/groups/EsiOrientation/ ; https://facebook.com/groups/ensi.sba/,"These are student-run community groups, not official ESI channels. Answers posted there are informal, anonymous, and not verified by the administration — treat any specific rule, number, or procedure mentioned there as unconfirmed until checked against an official source.",
